Lie,TOP,10630,11496
맛돼지_Pig,BDA,10632,10863
MinnyMinny,WWW,10627,10074
나눔 Nanoom,TOP,10629,10051
헬렌 Helen,TOP,10630,9947
타룬_Tarun,BDA,10631,9843
BTS,BDA,10631,9763
나쵸_NaCho,BDA,10631,9614
Savanah 😼,BDA,10631,9361
Danh,VNT,10622,9177
테슬라,TOP,10630,9016
이얍_Yah,BDA,10631,8947
👼_MaWang,BDA,10631,8901
만취 🍺털보,TOP,10630,8797
Vũ84,WWW,10627,8671
H,TOP,10630,8625
Oakzapata,TOP,10630,8556
Jennie 🔥,WWW,10626,8510
Bao,BDA,10632,8487
부밋_Boomit,BDA,10631,8429
Angie 💜,TOP,10630,8418
붕붕_BoOng,BDA,10632,8418
크크큭_kkkk,BDA,10632,8381
23 👆,TOP,10630,8379
Evil Son,WWW,10627,8349
Miu 🎀,WWW,10626,8303
Pork Belly,WWW,10627,8211
Lêu Lêu 🐣,WWW,10627,8211
짬뽕취향 🥣,BDA,10631,8164
Khi Mập 🐒,WWW,10626,8119
🕊️Ares 🕊️,TOP,10629,8106
Voi,VNT,10621,8073
Rocky,TOP,10630,7935
Lão Đại,VNT,10622,7912
Mr Simple,VNT,10622,7843
LBT,VNT,10621,7797
ITTA KIWI,VNT,10622,7797
Julie,TOP,10630,7728
무쌍,TOP,10630,7659
SAIMING 🌱,WWW,10626,7256
Ốc leo cây,VNT,10622,7176
ĐăcKhu 73,VNT,10622,7093
V,WWW,10626,7061
찌아랍,TOP,10629,6922
阿猫,WWW,10626,6900
TM,VNT,10621,6900
_____SIMBÃO 🦁,WWW,10626,6896
VôMinh,TOP,10630,6762
GodLike,TOP,10629,6739
Ung 🌈철웅,TOP,10630,6693
더억 Duck 🐦,TOP,10629,6688
• Namii,TOP,10630,6624
阿弦,WWW,10626,6551
Peekaboo,TOP,10629,6549
👀Ver Cận,WWW,10626,6486
겨울 Winter,TOP,10629,6412
RyanNguyen,WWW,10627,6411
MaryMÒMéO,WWW,10626,6348
Gạo,VNT,10622,6244
• Saint •,WWW,10626,6242
何必問,WWW,10626,6103
Hot dog,TOP,10630,6083
Ruan Kimi,TOP,10630,6072
playl3oy9x,VNT,10622,6072
Ma Quân,VNT,10621,5865
Sg•ToKuDa,TOP,10629,5863
Jayce,TOP,10629,5796
Cám,VNT,10621,5749
Cá Lia Thi,VNT,10622,5617
Lọ thánh,VNT,10621,5586
khéo bánh,WWW,10627,5520
Luna,WWW,10626,5451
AnhTuấn,WWW,10627,5382
Saigon,BDA,10631,5313
Gà con,WWW,10627,5313
이로도리,BDA,10631,5292
Ssun,TOP,10629,5290
몽 🐾,TOP,10630,5244
T •A%~KA,WWW,10626,5243
Butter Bun,TOP,10630,5207
스펀지밥,BDA,10631,5166
chacha,TOP,10629,5165
Tiếp bước,WWW,10626,5138
SHABUZAC,BDA,10632,5063
PhởTáiGầu,VNT,10622,4968
로나_Lona,BDA,10632,4894
TYM3R,WWW,10627,4870
Kiều Nhi 🎀,VNT,10621,4864
Nàng Thơ ♥️,VNT,10621,4837
Lory,WWW,10626,4830
트이,BDA,10632,4825
짬뽕취향_움돈,BDA,10631,4792
브란테,TOP,10630,4770
드래곤,TOP,10629,4761
망나니 mang,TOP,10629,4761
Sotu,TOP,10629,4720
Xíu xíu,VNT,10622,4609
Yamato,WWW,10627,4485
•메리 Lành,TOP,10630,4483
Tomato 🍅,WWW,10626,4478
MH,WWW,10627,4474
RJ slime 🔥,BDA,10632,4416
Bé XuânMai,WWW,10627,4416
청월_Blue,BDA,10632,4404
JzTeppiz,WWW,10627,4381
송송다,TOP,10629,4347
3 Bích ♠️,WWW,10626,4347
Mây,WWW,10626,4315
Reym,VNT,10622,4301
皮皮寅虎,TOP,10630,4278
뿜밋_BBoomit,BDA,10632,4278
Jollibee 🦄,WWW,10626,4278
MAS,VNT,10622,4278
Sóc,VNT,10621,4209
타샤_Tasha,BDA,10632,4166
Hà Kute 👯,WWW,10626,4104
Regista,TOP,10629,4103
Ryu,WWW,10627,4099
Thuận,VNT,10621,4071
BéMèo 😗,VNT,10622,4068
👥 mute 🔇,WWW,10627,4035
Thiên Vũ,VNT,10621,4034
YaYa 🌼,TOP,10629,4002
shank one,TOP,10630,4002
YANG,TOP,10630,4000
Tūn Cherry,WWW,10626,3987
브로콜리_Kolli,BDA,10631,3986
Ninh An,WWW,10626,3963
CÔNămNè,VNT,10622,3933
💜藤原💜🫐,WWW,10626,3933
Lãnh Chúa_p6P,VNT,10622,3931
비연,TOP,10629,3931
Táo Đỏ,VNT,10622,3864
Rowdy,BDA,10631,3862
구름 cloud,TOP,10629,3829
EBI,WWW,10627,3827
Bluebeard,VNT,10622,3763
Deeju,WWW,10627,3728
Tôm xù 🍤,WWW,10627,3724
DORAYME,WWW,10627,3703
짱하 고해뜰날,TOP,10629,3662
소금크로와상,BDA,10632,3652
Truzgggg,BDA,10632,3621
Danielferr,BDA,10631,3621
CáoKhờKhạo,WWW,10626,3588
믹스 Mix,TOP,10629,3588
Halo,VNT,10621,3588
윤윤 YY,TOP,10629,3587
라이사냥,BDA,10631,3516
🌸MiuMiu🌸,BDA,10632,3494
Linh,TOP,10629,3431
딸기주스_berry,BDA,10632,3415
Nacy 🍭🍬,VNT,10621,3413
issangkal,BDA,10632,3374
천년호수,BDA,10631,3343
Macos,VNT,10621,3335
Luffy,WWW,10627,3326
PDH888,WWW,10627,3312
Dog_Cu,BDA,10631,3242
꺼꺼,BDA,10631,3242
사랑이란멜로는없어,BDA,10631,3241
abao,VNT,10622,3240
독거남,BDA,10632,3240
Fibonacci,BDA,10632,3206
애옹_aeong,BDA,10632,3171
💜Kana💜,WWW,10627,3170
⬜️⬜️Rụt Rè,TOP,10630,3170
Chè Đậu Đỏ,VNT,10622,3138
Bạch Lang,VNT,10622,3138
ヘリオスATHX,WWW,10627,3104
Ngoc2010,VNT,10621,3101
저주,TOP,10630,3071
앙증악마,BDA,10632,3069
Spartano,BDA,10632,3033
두아름,TOP,10629,3023
306,VNT,10621,2967
처리,TOP,10630,2962
이티_ET,BDA,10631,2960
The Light,VNT,10622,2953
Sei,VNT,10621,2940
meiko_G,TOP,10630,2931
아하 🌸,TOP,10630,2927
Shen,WWW,10627,2898
BinzKa,WWW,10626,2898
Fe_SAINT,BDA,10631,2898
JIANG ୬ଓ,VNT,10621,2897
xekojimmy,WWW,10626,2896
Ho Ya 🐱,TOP,10630,2895
Gioggio99,WWW,10627,2843
Thaisonmt,VNT,10621,2829
Hì Twinkle,VNT,10622,2829
Bò,VNT,10621,2829
아마투스,BDA,10631,2829
Lukka,TOP,10629,2827
Bì Bầu Bí,WWW,10626,2821
hetmegame,VNT,10621,2777
Kcat 💜,WWW,10627,2755
악동_Dash,BDA,10632,2755
TienDo,VNT,10621,2730
Pelican,WWW,10626,2714
사상,TOP,10629,2691
선결,BDA,10632,2691
럭비마왕,BDA,10632,2687
Tiểu Min,WWW,10627,2681
오리탕후루,BDA,10632,2680
SAINT 👼,BDA,10631,2656
Goddess M,VNT,10621,2622
사이다,TOP,10630,2622
LộcBánhMì,BDA,10631,2620
어이쿠 Koo,BDA,10632,2599
도비빅_Doby,BDA,10632,2599
1000냥,TOP,10630,2585
삼구오구_3959,BDA,10632,2585
데이 Day,TOP,10629,2582
Maybach,WWW,10627,2553
🌸나유_Nayu,BDA,10631,2553
유월,BDA,10631,2553
Kutsuru,WWW,10626,2553
Stara,TOP,10630,2553
KSHunter,TOP,10630,2517
Chao,VNT,10621,2516
Ghibli,TOP,10629,2486
minmin2020,TOP,10629,2484
Mamutto,WWW,10626,2481
파워곰탱,BDA,10631,2481
코드네임욱,BDA,10632,2469
TRÀ 🍋,WWW,10626,2419
Tùng Chíp,VNT,10622,2415
세이라 SEIRA,TOP,10629,2415
Lord SFTL,TOP,10629,2413
✨Mashi🧜‍♀️,TOP,10629,2411
KINGKID,VNT,10622,2400
Giang12,BDA,10631,2383
Cecilia,VNT,10621,2351
Black,TOP,10629,2346
art,BDA,10632,2319
Spirit,WWW,10626,2311
lord farqu,TOP,10629,2309
💜CHIP💜,VNT,10622,2277
구름에갇힌달,BDA,10631,2276
ωιιυγ,WWW,10627,2208
Bigas,BDA,10632,2139
💎Logan💎,BDA,10632,2101
Lão Nương,VNT,10622,2070
Anh Kiet,VNT,10622,2003
마음의검,BDA,10631,2001
Gerrald,BDA,10632,1964
Nem,VNT,10622,1900
lsky,WWW,10627,1896
Hino玉⭐,WWW,10627,1894
Faker,TOP,10629,1863
Rùa 🐢,VNT,10621,1863
COW,VNT,10621,1863
礦泉水,WWW,10626,1863
Jiaz,TOP,10630,1861
채채채_Ch,BDA,10632,1827
바다,TOP,10629,1794
Lunari,TOP,10629,1793
metienmệt1,VNT,10622,1770
총이,TOP,10630,1724
_St0rM_,VNT,10622,1723
Bé Vy,VNT,10622,1700
Hunter,VNT,10622,1634
BoB 🎈,TOP,10629,1587
at 💋,VNT,10621,1550
소,TOP,10630,1518
Beer ⬜,WWW,10626,1518
Lão Tử,VNT,10622,1500
잔다_Jandark,TOP,10630,1482
Sophia 🌻,WWW,10627,1448
Hạo 🫐,WWW,10626,1380
Yuihin,TOP,10630,1380
อจ_Changß,BDA,10632,1380
samssong,TOP,10629,1378
Thiếu,VNT,10622,1345
Thạch hầu,VNT,10622,1320
ShayolWei,VNT,10622,1310
Minhleeeee,VNT,10622,1308
하늘보리,BDA,10632,1308
단군릉,BDA,10631,1306
Orthos,WWW,10627,1276
리처드,TOP,10630,1275
Lão Bát,VNT,10622,1260
👀👀👀👀,TOP,10629,1207
육삼이_632,BDA,10632,1204
V0IDXMaX,WWW,10626,1176
Cà Rốt,VNT,10621,1173
Tiger♡,BDA,10632,1143
웨일,BDA,10631,1143
Ly điệp,VNT,10621,1110
cuden ♥️,VNT,10622,1104
Hải 🌽,WWW,10626,1104
Idk6,VNT,10621,1104
Văn Minh,WWW,10627,1104
lucete,TOP,10629,1075
LotusJessy🌷🌷,WWW,10627,1035
Kanh,VNT,10621,1034
Khẩy Tym,VNT,10622,1034
Dáh Cherry,WWW,10626,980
Ngân Ngân,VNT,10621,931
D€v D€vin€,BDA,10632,917
Iphi 🥭,WWW,10626,862
sinfulsuru,WWW,10626,862
Dior ✨,WWW,10626,828
Faker,BDA,10632,759
Bé Tuyền,VNT,10621,758
Cặp con,TOP,10629,739
통신단,BDA,10632,690
Illlrrrrrr,TOP,10629,690
Format,WWW,10627,689
_king_,VNT,10622,672
lxSky,WWW,10626,672
Ant,WWW,10626,654
Khi ăn 🧅,WWW,10626,654
MIO,BDA,10631,621
지로 JIRO,BDA,10631,609
_Lev,BDA,10632,517
Samgoo3959,BDA,10632,516
PUFF,BDA,10632,414
alibaba,VNT,10621,414
YUKI,TOP,10630,414
Rãnh 🌷Ran,TOP,10629,414
Thanh y,TOP,10630,392
POWER,TOP,10630,345
FF 🔥👊,TOP,10629,345
도베르만_Doby,BDA,10632,345
Emmi,WWW,10626,345
AK47,BDA,10632,345
Hiếu💙VN,WWW,10627,345
하하하,BDA,10631,344
G7x0w,TOP,10629,344
BUN,VNT,10622,327
RAGNAROK,BDA,10631,212
Phạm Kha,VNT,10622,207
아림승주,BDA,10632,172
Lâm Lee,VNT,10622,150
