Lie,TOP,10630,29323804
테슬라,TOP,10630,21099100
__SIMBÃ 🦁,WWW,10626,17226074
Lory,WWW,10626,13131888
루아리 Luari,TOP,10629,11885524
V,WWW,10626,11826220
Ung🌈철웅,TOP,10630,11469129
만취🍺털보,TOP,10630,10310720
CáoKhờKhạo,WWW,10626,9578733
Ssun,TOP,10629,9469795
Oakzapata,TOP,10630,9422361
헬렌 Helen,TOP,10630,9162633
Jayce,TOP,10629,8946459
DORAYME,WWW,10627,7916802
阿弦,WWW,10626,6846601
브란테,TOP,10630,6511059
🐒Khỉ Mập,WWW,10626,6267900
Beer⬜,WWW,10626,6123973
Hino玉⭐,WWW,10627,6017004
Miu🎀,WWW,10626,6005926
ωuиuy,WWW,10627,5956881
Yamato,WWW,10627,5859089
磺泉水,WWW,10626,5652969
Beequeen👑,WWW,10627,5584349
EBI,WWW,10627,5548389
YaYa🌼,TOP,10629,5503127
나카무라,TOP,10629,5492900
Rãnh🌷Ran,TOP,10629,5381784
⊙•Ver Cận,WWW,10626,5380261
사이다,TOP,10630,5159870
阿貓,WWW,10626,5140034
씨아림,TOP,10629,5081000
☁️Ares☁️,TOP,10629,4933159
MaryMòMèo,WWW,10626,4885576
Tomato🍅,WWW,10626,4786878
총이,TOP,10630,4666333
Reedy🦉,TOP,10630,4623790
⭐Pearl⭐,TOP,10630,4444890
Ninh An,WWW,10626,4415272
SAIMING🌿,WWW,10626,4410056
Julie,TOP,10630,4404868
皮皮寅虎,TOP,10630,4355136
H,TOP,10630,4114063
🐾몽🐾,TOP,10630,3931600
💦mute🔊,WWW,10627,3914393
Jiaz,TOP,10630,3903777
MinnyMinny,WWW,10627,3856813
Kutsuru,WWW,10626,3830465
meiko_G,TOP,10630,3692963
Hot dog,TOP,10630,3682544
Pork Belly,WWW,10627,3622555
Stara,TOP,10630,3601735
Tũn Cherry,WWW,10626,3520989
Illlrrrrrr,TOP,10629,3498168
👀👀👀,TOP,10629,3489487
Butter Bun,TOP,10630,3480375
Lukka,TOP,10629,3434839
minmin2020,TOP,10629,3430570
무쌍,TOP,10630,3420221
Ruan Kimi,TOP,10630,3393813
Sg Tokuda,TOP,10629,3279868
Vũ84,WWW,10627,3262533
RyanNguyen,WWW,10627,3260565
PDH888,WWW,10627,3254598
Angie💜,TOP,10630,3225281
MH,WWW,10627,3223025
세이라 SEIRA,TOP,10629,3163797
믹스 Mix,TOP,10629,3105577
chacha,TOP,10629,3007636
망나니 mang,TOP,10629,2985594
Lêu Lêu🐣,WWW,10627,2973738
Silver🐾,TOP,10629,2936842
BeeKing👑,WWW,10627,2892986
더덕 Duck🐣,TOP,10629,2807198
Sophia🌻,WWW,10627,2804224
Văn Minh,WWW,10627,2775596
TYM3R,WWW,10627,2760166
哆啦A梦,TOP,10630,2756545
Wingz,TOP,10630,2734194
BoB🎈,TOP,10629,2724127
TRÀ🍃,WWW,10626,2722427
phi🥭,WWW,10626,2714143
Spirit,WWW,10626,2620181
겨울 Winter,TOP,10629,2614500
Dior✨,WWW,10626,2613470
VOIDX_MaX,WWW,10626,2597426
Bé XuânMai,WWW,10627,2549613
💜かすみ💜🍇,WWW,10626,2455206
sky,WWW,10627,2414805
⬜⬜Rụt Rè,TOP,10630,2389848
VôMinh,TOP,10630,2380101
zTeppiz,WWW,10627,2376431
FF🔥👊,TOP,10629,2329526
데이 Day,TOP,10629,2329027
Peekaboo,TOP,10629,2328326
•Saint•,WWW,10626,2326568
Hạo🫐,WWW,10626,2309579
ヘリオスATHX,WWW,10627,2276020
Black,TOP,10629,2228175
BinzKa,WWW,10626,2216642
윤윤 YY,TOP,10629,2178077
lucete,TOP,10629,2152650
Orthos,WWW,10627,2116948
Tiểu Min,WWW,10627,2100663
Cạp con,TOP,10629,2071569
Sotu,TOP,10629,2058642
Jennie🔥,WWW,10626,2036109
Pelican,WWW,10626,2017478
Thanh y,TOP,10630,2017003
Bì Bầu Bí,WWW,10626,2001003
Jollibee🦄,WWW,10626,1985121
Rocky,TOP,10630,1978810
Mc Donald,WWW,10626,1945437
Gioggio99,WWW,10627,1940352
KSHunter,TOP,10630,1929207
Faker,TOP,10629,1923542
백수,TOP,10629,1860884
Hải🌽,WWW,10626,1856350
23👆,TOP,10630,1855428
•메리 Lành,TOP,10630,1830787
💜Jessy💜,WWW,10627,1796579
Shen,WWW,10627,1784808
Hà Kute👀👀,WWW,10626,1764484
두아름,TOP,10629,1755105
사상,TOP,10629,1754364
Luna,WWW,10626,1751966
希希,WWW,10627,1740492
何必问,WWW,10626,1734786
YUKI,TOP,10630,1722754
😈MeoMeo😈,TOP,10629,1707961
드래곤,TOP,10629,1697179
송송다,TOP,10629,1661774
khéo bánh,WWW,10627,1654394
Mây,WWW,10626,1649024
Tiếp bước,WWW,10626,1641402
나눔 Nanoom,TOP,10629,1626891
Ant,WWW,10626,1623164
lord farqu,TOP,10629,1580065
리처드,TOP,10630,1563105
sinfulsuru,WWW,10626,1560730
잔다_Jandark,TOP,10630,1547262
AnhTuấn,WWW,10627,1536935
✨Mashi🌬️,TOP,10629,1514857
처리,TOP,10630,1507295
1000냥,TOP,10630,1504910
shank one,TOP,10630,1501752
Kcat💜,WWW,10627,1501341
Maybach,WWW,10627,1490027
Tôm xù🍤,WWW,10627,1456337
Khỉ ăn🔵,WWW,10626,1435369
소,TOP,10630,1416716
Format,WWW,10627,1367920
Heo mọi,WWW,10627,1321351
💜Kana💜,WWW,10627,1277689
samssong,TOP,10629,1238977
xSky,WWW,10626,1224460
Regista,TOP,10629,1185923
Lunari,TOP,10629,1109244
Ghibli,TOP,10629,1040773
Linh,TOP,10629,1037284
3 Bích♠️⬜,WWW,10626,942239
Hiếu💙VN,WWW,10627,918299
Dáh Cherry,WWW,10626,875866
G7xOw,TOP,10629,872801
Ryu,WWW,10627,869677
T•A♡•KA,WWW,10626,841375
아하🌸,TOP,10630,693416
Emmi,WWW,10626,677586
xekojimmy,WWW,10626,632312
Deeju,WWW,10627,446303
窮到濃,WWW,10626,442338
Lord SFTL,TOP,10629,406094
Wicked,WWW,10627,212385
비연,TOP,10629,144006
kiwi🥝,WWW,10626,114479
Mamutto,WWW,10626,100596
Avocado🥑,WWW,10626,78930
YANG,TOP,10630,36519
저주,TOP,10630,13702
X Λ N Ξ R,WWW,10626,10234
